[
  { "id": 1,
    "test": "read_tomcat",
    "aggregated # reqs": 383,
    "aggregated req/s": 12.91,
    "request distribution": [
      {"name": "GET /editor/post?action=open", "98%": 140}
    ]
  },
  { "id": 2,
    "test": "write_tomcat",
    "aggregated # reqs": 389,
    "aggregated req/s": 13.17 ,
    "request distribution": [
      {"name": "POST /editor/post?action=save", "98%": 47}
    ]
  },
  { "id": 4,
    "test": "read_node",
    "aggregated # reqs": 382,
    "aggregated req/s": 12.89,
    "request distribution": [
      {"name": "GET /blog/cs144", "98%": 32}
    ]
  },
  { "id": 5,
    "test": "write_node",
    "aggregated # reqs": 398,
    "aggregated req/s": 13.43,
    "request distribution": [
      {"name": "POST /api/cs144", "98%": 110}
    ]
  }
]
